ticker,forward_return,is_winner,rsi,rvol,momentum_1m,momentum_3m,ema_trend,macd_signal,distance_52w_high,volume_trend,price_acceleration,volatility
AAPL,-8.70937616960058,False,65.55081601512691,18.372211689910046,52.56494007578336,69.21657436961817,100.0,47.90633056833489,96.59067406819985,29.37962359685009,50.02596524899784,84.53759448802776
MSFT,-1.0510696265792707,False,45.36532533040373,36.0936102876914,38.5097492157225,44.02935386596902,20.0,51.95160921590088,86.4603224533828,34.88873210305298,82.99318528561918,76.748289725162
GOOGL,4.787488678970342,False,69.55373413678001,18.44322373221699,69.98520662607292,83.06455310028633,100.0,47.600293691391926,97.44228198328793,12.529776891965671,0.0,64.43353498560367
AMZN,3.378204276595276,False,62.247372576108944,22.842002616860732,36.093932637624036,51.59106069687625,80.0,49.17594007048588,89.62876771414966,21.867299173786414,94.1584536045948,72.12176009665168
NVDA,1.5643704533117475,False,46.38446781212686,19.712079977579496,40.29843748284219,53.35745509532639,35.0,52.60518254501272,86.61587414906136,17.901056112501866,100.0,68.62215175181228
META,3.779217423576897,False,70.8965286453876,22.49077608066351,57.351524838961424,36.10076598013973,55.0,61.545954775397945,81.70408799140154,19.93122801487993,53.35612525408219,70.83042212743737
TSLA,-2.581680909104056,False,72.39523631231819,20.33938207891362,55.38192858434034,64.01980335993956,100.0,58.31057267868223,95.22855384906947,19.20367800930256,100.0,56.24262922760043
BRK-B,-1.876921621788119,False,35.90942082501505,22.44007513497123,47.328338241857956,49.32960715679066,35.0,45.245899164095405,90.47355250231527,14.300523910377883,20.32054598380696,86.18393345033991
JPM,-2.6803635765846656,False,55.76730512046807,54.44855051768256,46.50845772555279,51.533890421859255,100.0,50.62368264120883,96.23273777012813,55.828292037042935,82.4302081015964,69.81127902740371
JNJ,6.802558104228007,False,62.840510160763394,30.09019431856208,64.46768238710278,66.73108413486497,100.0,47.14353410888263,99.38886276532348,20.379302974210933,14.613294823467584,83.87419233995021
V,0.11665316440563345,False,52.729769529362216,21.35802256938476,42.597180545945655,46.153905402976726,20.0,50.0999366872314,87.06811514167572,31.35462177313698,42.01984531653176,84.64390100343715
PG,7.1781473347179325,False,34.21401470937515,33.60308558368942,38.25907525971988,39.16894399894157,20.0,44.00818871422298,79.25119894465881,66.04751947396817,20.18350711470308,79.89261421807447
UNH,6.647993852804102,False,66.7047538433098,20.27033051904804,51.91037491994442,44.369911021508656,35.0,54.50263863872916,55.251811449520986,23.348332232001624,58.04567832360209,66.99138625415259
HD,9.915131705427882,False,63.31821666285035,31.19613245205819,38.863315887645825,33.60761876913736,35.0,54.400605474513576,82.81219081162462,35.66060458373285,83.67548367781976,66.08464844286989
MA,-2.7983855598813,False,55.779149263346014,27.970772882949056,43.01869899847672,42.96383765938969,20.0,50.776344501111225,89.66404353442745,26.150355415097405,53.53266827922427,80.41055176033143
DIS,3.2760657962881856,False,61.087454787989756,21.282676148949,39.516769557260574,43.85132707136832,35.0,55.919421013265435,87.28045282568792,14.052496344123755,100.0,64.01761654891801
PYPL,-7.25147381353154,False,54.51807238803839,32.26128784285821,31.903209915090724,41.64506638421389,20.0,53.11786829688113,67.41972082148332,23.341455731034767,95.34428549666103,69.30039715662025
ADBE,-10.971066066958123,False,68.35387836315542,45.14441105289753,55.948024503814594,48.216744696024435,85.0,60.09889137008841,73.68048011350939,63.66644534771366,100.0,69.79406287707161
NFLX,-7.296946884320976,False,23.40818243709269,40.39662415526226,13.158638159353146,28.009826077617294,20.0,36.74178471517996,69.12723803243489,88.20756360993734,32.997035399080175,59.91089170364331
CRM,-12.631722592873096,False,82.46333442344455,25.7390347145779,66.11451124628304,59.021283632360166,100.0,65.77027639867514,72.32456810336771,93.76664551191271,100.0,65.99284739982153
INTC,4.573324507831078,False,65.3326027162122,22.412138695789103,65.31149751536125,100.0,100.0,56.37010487902801,92.63970548665597,67.24828481317815,100.0,33.67968068051957
CSCO,-3.7681664742660104,False,59.244507337781954,22.182756498567677,73.81815663357449,71.35061738074864,100.0,51.67592380088082,99.2947294024047,0.0,42.946650509967,74.12185956233256
PFE,1.9026717262955906,False,60.08968590366831,17.046134186282007,52.116807964580225,59.90342098292369,100.0,50.19116646149562,94.74159651177717,5.892814088422926,46.63899003558115,74.87274337993374
ABT,-10.786597127240737,False,40.06621942038541,25.080100078419658,42.992122808449686,42.04737532877936,20.0,45.29426256867893,87.95599975222945,12.679113494148265,23.516964571051968,77.77421233874387
COST,12.046969730495594,True,42.66691215621097,34.57527726490312,41.366289619989246,40.4687461617509,20.0,47.6854096624594,81.429997547424,36.32378221344764,49.67195818214344,81.93807182950954
TMO,9.985747648106468,False,50.01344240258357,19.463160978467847,45.67597100220042,69.78582166724259,65.0,43.532685924331375,94.17918683874757,41.44441123554681,19.736536532209648,80.93021933932236
AVGO,-20.60533268850122,False,72.23022731948015,33.367083849573724,84.66871687950658,64.95194419471898,100.0,58.323534080351116,99.60445136663346,43.78538056903024,37.27009832250811,47.64024729982075
NKE,-0.7599939094726338,False,62.98359882104745,38.206339563898105,59.69127280625885,40.69866212740034,85.0,55.018756765706875,81.67817783775084,25.98795118300994,65.10536715855493,68.56407115915562
MRK,11.155053494513801,True,55.55076189795603,27.942660795076023,64.66742899221755,69.04879870813232,85.0,41.796325688704144,92.23356827048738,19.535068087948993,0.0,67.3767541571192
PEP,-3.433533396413868,False,62.767792068647935,65.16125356205521,58.3873742056892,55.3188903810625,100.0,51.197081936681684,96.40043751867144,47.1028626123834,63.73482646092333,83.47257942156419
KO,3.7957569438520578,False,46.70506895238664,45.26271134419741,47.4672231401412,56.320518080252626,85.0,45.67593664759488,96.29679818677627,40.4331489023327,29.69917283501684,86.97540220851454
WMT,4.484506149494161,False,74.61809716654959,24.7771266050949,68.83216940799039,59.363231830637204,100.0,55.42465472773824,97.34239830149517,28.960303491797145,60.169128131184095,69.52804567751144
CVX,10.49468265327369,True,49.2019983422728,30.476803443873514,45.98184915442538,47.448293600174495,35.0,49.612852379782616,92.73847797578955,38.93563913312567,79.31906328993955,81.3714192426035
XOM,12.698678424724697,True,57.7494751755894,32.81283068783068,51.34508077301794,57.51209364186545,100.0,50.81999122193797,99.2280233288352,43.2296314622229,89.66289170823217,82.01024825880664
LLY,6.854593650363472,False,36.80810948005263,20.094514603292023,51.310774458217836,81.73317615784418,85.0,32.80412366242274,89.35692077938644,22.861567616340384,0.0,73.63754401053534
ABBV,-1.397919848815632,False,40.834689904737864,37.94702395277735,50.008880412876344,53.876219096975085,65.0,46.35371774816126,92.64463585477297,18.720950835241002,20.55821712661522,74.30015866642506
PLTR,-9.762652792924332,False,74.39794924833251,33.69174464337109,46.805610657180274,59.61326004224716,100.0,63.985617689632136,90.5503083044443,4.8390426383745355,100.0,54.093939206923444
SOFI,-4.300483237228969,False,51.569130069377984,21.06845750246164,25.056539481745975,52.03390181184475,35.0,45.13968642636169,82.76810428191325,26.464058182072968,65.70625244478013,28.05840136101294
UPST,-6.752838790490479,False,77.45541384170335,26.471125609747386,100.0,27.385854802998832,85.0,76.51152024182642,50.622736100282765,17.754625861414077,90.09551008571111,31.259136924679737
AFRM,-2.0603994805207138,False,62.32662754453979,20.416557182243523,38.60793501713415,35.29128436280874,35.0,56.19936130548123,70.86000061035156,21.571279916753383,100.0,45.576335210100694
HOOD,-20.473979637401875,False,63.73626110394084,16.13789218615902,55.654530725995954,67.93445631725547,100.0,66.17458881922373,88.17106663457422,26.483475564193505,100.0,20.09641508370528
RIVN,-10.485714503696986,False,82.93841315240022,26.18984479457663,44.228629916159214,80.01485847253542,100.0,55.17317197454365,94.08601957575439,20.87623229122829,100.0,50.56837961461393
LCID,-15.077040429620748,False,53.39546820524444,25.520669417860898,2.7957588828392943,17.34111439233356,20.0,66.58718687907546,36.15598604607177,21.63586556621696,100.0,21.556776823808022
NIO,-7.554673928242172,False,33.018868136720045,11.07658931727702,1.7345436797932905,30.868173303481182,20.0,48.675494720163755,62.718203525027405,34.04866856061606,98.13451446357853,52.42135046871496
DKNG,-11.622874391375149,False,74.37012722734016,11.581791934184482,77.11920062361135,28.74033976480197,85.0,66.1480163296884,64.59615869026594,29.403294361288435,74.19168835253461,50.63583024838441
COIN,-22.427130947136554,False,58.50534465843299,17.014020235370676,30.974301833002073,35.15663356281662,35.0,65.71792544997604,61.86663670615775,22.09220324756467,100.0,38.82274277991979
MARA,-15.981541281696664,False,57.093419782166364,20.569706298074976,12.95283640535316,23.084000408366744,20.0,76.86748052155745,50.831555174754605,29.46712941270093,100.0,15.240913535835574
RIOT,7.096978573504087,False,66.51785372167183,18.6020443967159,42.93680648848359,47.98615077668639,35.0,68.44037577980909,65.05118045638189,23.974300037990936,100.0,27.881851630914724
SHOP,-18.732931596465995,False,71.06351379441342,22.90559174355897,61.92902426314468,67.46407618454089,100.0,59.45144798784659,92.44195395579432,11.529139680073818,88.58098068734571,47.15791581771418
ROKU,1.8840172730186344,False,71.90850726469333,18.830304911361708,47.32184606626806,61.46847688560548,100.0,61.219973521576165,90.31372990139207,58.55829873786629,100.0,55.32820428191867
ZM,8.642816975120638,False,68.80124290362612,17.25308730408871,58.180652237047866,54.84639144097889,100.0,56.436330387989315,96.71573172923861,16.59205832020033,47.23021432144077,58.6355447804729
CRWD,-10.081991103767873,False,49.54238230388858,24.698298242969365,36.63984202535908,69.13321961844281,80.0,50.232669351967694,91.64578508606182,74.9536400623668,97.58881454834841,68.01416614828973
SNOW,-1.3461133705110817,False,32.08772160430806,39.08690189731905,9.662313098684969,47.91996790789887,20.0,31.18933893421735,77.1546630176487,100.0,20.031206520182653,45.97487440645639
NET,-10.029983598196191,False,67.01498320691891,25.19517083248825,31.70675419152349,46.448581081584194,65.0,59.58124052333861,82.10000258225662,0.0,100.0,59.13673693157843
DDOG,-9.788362004282348,False,16.021647247326612,12.653327876252938,2.83533456163525,60.76922853351077,35.0,37.86812723009795,74.96653037731402,27.59906788395807,100.0,63.18645684813825
MDB,-4.130579618347852,False,76.86398106427319,19.513047662497137,80.14915093974531,79.47894448934923,100.0,69.37715863223069,99.43235956571822,100.0,100.0,12.804039036281011
TTD,-13.24860270425262,False,44.17769058475651,19.41986956327331,27.46606580870501,36.86600198279761,20.0,59.37247548954457,31.17647080228358,31.738401900515832,100.0,67.54525926189751
BILL,-12.53822846118242,False,81.20036766562629,25.73337050220869,88.73738680211396,58.85059816873614,100.0,62.36243466446108,55.48457809959471,19.21264163734383,74.29352050158862,50.74314411868562
HUBS,-15.861084874355559,False,74.1736650063709,25.336987161459522,48.698862257681164,29.854722968910487,35.0,65.50028928225677,44.54166797700873,16.8053326345442,100.0,65.19493867037465
SMCI,-10.510031560333532,False,55.855867036197246,17.919212029513492,29.80423390127973,27.555558946397575,35.0,72.81601069558349,52.52859759699344,9.627025306423997,100.0,45.80276419246273
ARM,-18.721736819321045,False,58.42320835380891,13.219440618075105,39.02096845311205,43.94583433740096,35.0,60.95386944854346,77.26577934205262,2.294269227953072,100.0,67.4968064121609
CELH,24.051494623930104,True,59.27710544355177,15.799913305589214,52.51543216472862,26.58249569873419,35.0,73.93306864225819,66.3470185745012,20.533983927240385,100.0,45.678737173069095
DUOL,-22.24473137452444,False,64.83204392638167,27.565024740075174,52.6168639332381,14.122633267242144,35.0,86.80367265609922,36.23217754484616,39.388563240849294,100.0,46.45006486008329
CAVA,18.911284397572082,True,67.90413064619494,19.93187192493993,65.5939092490879,33.43548524501141,55.0,69.17312229029247,36.74302590783666,34.7526522330144,97.88710427725678,39.3149813918542
TOST,-4.449154505793063,False,65.68502133250625,19.38916898501409,37.69883552627853,38.610765581557985,35.0,56.84492105213406,71.2847394978872,30.268029008284103,100.0,62.02114142871524
DASH,-4.239671451886573,False,62.45239750898169,24.73608861843922,69.60823176018414,35.39421415228671,55.0,72.3209001436136,77.16287322303252,15.21133054383592,100.0,47.6527397051534
ABNB,4.844399404217059,False,73.6235998935893,23.740420936851443,58.226558337938926,54.09628438845999,85.0,60.42612921346769,77.81980442537481,31.46594843472278,100.0,68.97235175663144
